Workbook

Sheet Calculations
A1: Parameters | B1: Value | D1: Notes
A2: Base weight of drone (g) | B2: 94 | D2: This is the weight of the drone without the batteries and motors
A3: Base current draw of drone (A) | B3: 1 | D3: This is the current draw of the components excluding the motors
A4: Minimum thrust to weight ratio | B4: 3 | D4: This is the minimum acceptable ratio to color the Results sheet (See how to use)
A5: Number of motors | B5: 4 | D5: This parameter is used in determining whether the battery can support the motors' total current draw
A6: Operational voltage (V) | B6: 11.1 | D6: If change this, manually check that all motors are compatible with the new voltage
A7: Minimum takeoff to normal weight ratio | B7: 3 | D7: This is to calculate how much current it needs to takeoff
A8: Total number of motors entered | B8: {=MAX(IF(ISNUMBER(Motors!A:A),Motors!A:A))} -> 2 | D8: Do not change this, this auto updates based on your motors sheet
A12: How to use
A13: Add the motors and batteries to each sheet respectively.
A14: For motors, Motor-Prop ID is a composite key to figure out the current needed at a specific thrust requirement. If the motor or the prop changes, the Motor-prop ID needs to change.
A16: How to read the results
A17: Thrust to weight ratio achievable column in Results, if red means motors cannot support a minimum thrust to weight ratio specified in the Calculations sheet
A18: Take off current drawn from batt red = battery cannot supply minimum takeoff ratio which is specified in the Calcualtions sheet. if orange, means that the battery can suply but its above its continuous discharge rate
A19: Discharge time green = top 10% of results

Sheet Results (DO NOT EDIT)
A1: Motor-Prop ID | B1: Battery ID | C1: Total weight (g) | D1: Thrust needed per motor to maintain thrust to weight ratio (g) | E1: Max thrust to weight ratio achievable | F1: Max Thrust per motor (g) | G1: Closest Current (A) | H1: Efficiency (g/W) | I1: Continuous Current of Battery (A) | J1: Max Current of Battery (A) | K1: Stationkeeping current needed (A) | L1: Takeoff current drawn from ESC (A) | M1: Takeoff current drawn from batt (A) | N1: Flight Time (mins) | O1: Price of Motors & Battery ($)
A2: =MOD(ROW()-2, Calculations!$B$8) + 1 -> 1 | B2: =INT((ROW()-2)/Calculations!$B$8) + 1 -> 1 | C2: =Calculations!$B$2+_xlfn.XLOOKUP(A2, Motors!A:A, Motors!D:D)*Calculations!$B$5+_xlfn.XLOOKUP(B2, Batteries!A:A, Batteries!C:C) -> 191.6 | D2: =C2*Calculations!$B$4/Calculations!$B$5 -> 143.7 | E2: =F2*4/C2 -> 3.2686848 | F2: =_xlfn.MAXIFS(Motors!$E$2:$E$75, Motors!$A$2:$A$75, A2) -> 156.57 | G2: {=INDEX(_xlfn._xlws.FILTER(Motors!$J$2:$J$75, Motors!$A$2:$A$75='Results (DO NOT EDIT)'!$A2), MATCH(TRUE, INDEX(ABS(_xlfn._xlws.FILTER(Motors!$G$2:$G$75, Motors!$A$2:$A$75='Results (DO NOT EDIT)'!$A2) - 'Results (DO NOT EDIT)'!$D2) = MIN(INDEX(ABS(_xlfn._xlws.FILTER(Motors!$G$2:$G$75, Motors!$A$2:$A$75='Results (DO NOT EDIT)'!$A2) - 'Results (DO NOT EDIT)'!$D2), 0)), 0), 0))} -> 6.1315315 | H2: {=INDEX( Motors!$I$2:$I$75, MATCH(1, (Motors!$A$2:$A$75='Results (DO NOT EDIT)'!A2)*(Motors!$J$2:$J$75='Results (DO NOT EDIT)'!G2), 0) )} -> 2.3004702 | I2: {=_xlfn.XLOOKUP(A2, Batteries!A:A, Batteries!E:E*Batteries!F:F)/1000} -> 72 | J2: {=_xlfn.XLOOKUP(B2, Batteries!A:A, Batteries!E:E*Batteries!G:G)/1000} -> 72 | K2: =C2/H2/Calculations!$B$6 + Calculations!$B$3 -> 8.5033623 | L2: =(C2*Calculations!$B$7/H2/Calculations!$B$6) -> 22.510087 | M2: =(C2*Calculations!$B$7/H2/Calculations!$B$6) + Calculations!$B$3 -> 23.510087 | N2: =_xlfn.XLOOKUP(B2, Batteries!A:A, Batteries!E:E)/1000*60/K2 -> 6.3504291 | O2: =_xlfn.XLOOKUP(A2, Motors!A:A, Motors!F:F)*4+_xlfn.XLOOKUP('Results (DO NOT EDIT)'!B2, Batteries!A:A, Batteries!D:D) -> 75
A3: =MOD(ROW()-2, Calculations!$B$8) + 1 -> 2 | B3: =INT((ROW()-2)/Calculations!$B$8) + 1 -> 1 | C3: =Calculations!$B$2+_xlfn.XLOOKUP(A3, Motors!A:A, Motors!D:D)*Calculations!$B$5+_xlfn.XLOOKUP(B3, Batteries!A:A, Batteries!C:C) -> 188 | D3: =C3*Calculations!$B$4/Calculations!$B$5 -> 141 | E3: =F3*4/C3 -> 2.4468085 | F3: =_xlfn.MAXIFS(Motors!$E$2:$E$75, Motors!$A$2:$A$75, A3) -> 115 | G3: {=INDEX(_xlfn._xlws.FILTER(Motors!$J$2:$J$75, Motors!$A$2:$A$75='Results (DO NOT EDIT)'!$A3), MATCH(TRUE, INDEX(ABS(_xlfn._xlws.FILTER(Motors!$G$2:$G$75, Motors!$A$2:$A$75='Results (DO NOT EDIT)'!$A3) - 'Results (DO NOT EDIT)'!$D3) = MIN(INDEX(ABS(_xlfn._xlws.FILTER(Motors!$G$2:$G$75, Motors!$A$2:$A$75='Results (DO NOT EDIT)'!$A3) - 'Results (DO NOT EDIT)'!$D3), 0)), 0), 0))} -> 3.6036036 | H3: {=INDEX( Motors!$I$2:$I$75, MATCH(1, (Motors!$A$2:$A$75='Results (DO NOT EDIT)'!A3)*(Motors!$J$2:$J$75='Results (DO NOT EDIT)'!G3), 0) )} -> 2.875 | I3: {=_xlfn.XLOOKUP(A3, Batteries!A:A, Batteries!E:E*Batteries!F:F)/1000} -> 52.25 | J3: {=_xlfn.XLOOKUP(B3, Batteries!A:A, Batteries!E:E*Batteries!G:G)/1000} -> 72 | K3: =C3/H3/Calculations!$B$6 + Calculations!$B$3 -> 6.8911085 | L3: =(C3*Calculations!$B$7/H3/Calculations!$B$6) -> 17.673325 | M3: =(C3*Calculations!$B$7/H3/Calculations!$B$6) + Calculations!$B$3 -> 18.673325 | N3: =_xlfn.XLOOKUP(B3, Batteries!A:A, Batteries!E:E)/1000*60/K3 -> 7.8361848 | O3: =_xlfn.XLOOKUP(A3, Motors!A:A, Motors!F:F)*4+_xlfn.XLOOKUP('Results (DO NOT EDIT)'!B3, Batteries!A:A, Batteries!D:D) -> 77
A4: =MOD(ROW()-2, Calculations!$B$8) + 1 -> 1 | B4: =INT((ROW()-2)/Calculations!$B$8) + 1 -> 2 | C4: =Calculations!$B$2+_xlfn.XLOOKUP(A4, Motors!A:A, Motors!D:D)*Calculations!$B$5+_xlfn.XLOOKUP(B4, Batteries!A:A, Batteries!C:C) -> 169.6 | D4: =C4*Calculations!$B$4/Calculations!$B$5 -> 127.2 | E4: =F4*4/C4 -> 3.6926887 | F4: =_xlfn.MAXIFS(Motors!$E$2:$E$75, Motors!$A$2:$A$75, A4) -> 156.57 | G4: {=INDEX(_xlfn._xlws.FILTER(Motors!$J$2:$J$75, Motors!$A$2:$A$75='Results (DO NOT EDIT)'!$A4), MATCH(TRUE, INDEX(ABS(_xlfn._xlws.FILTER(Motors!$G$2:$G$75, Motors!$A$2:$A$75='Results (DO NOT EDIT)'!$A4) - 'Results (DO NOT EDIT)'!$D4) = MIN(INDEX(ABS(_xlfn._xlws.FILTER(Motors!$G$2:$G$75, Motors!$A$2:$A$75='Results (DO NOT EDIT)'!$A4) - 'Results (DO NOT EDIT)'!$D4), 0)), 0), 0))} -> 4.5288288 | H4: {=INDEX( Motors!$I$2:$I$75, MATCH(1, (Motors!$A$2:$A$75='Results (DO NOT EDIT)'!A4)*(Motors!$J$2:$J$75='Results (DO NOT EDIT)'!G4), 0) )} -> 2.5830515 | I4: {=_xlfn.XLOOKUP(A4, Batteries!A:A, Batteries!E:E*Batteries!F:F)/1000} -> 72 | J4: {=_xlfn.XLOOKUP(B4, Batteries!A:A, Batteries!E:E*Batteries!G:G)/1000} -> 52.25 | K4: =C4/H4/Calculations!$B$6 + Calculations!$B$3 -> 6.915205 | L4: =(C4*Calculations!$B$7/H4/Calculations!$B$6) -> 17.745615 | M4: =(C4*Calculations!$B$7/H4/Calculations!$B$6) + Calculations!$B$3 -> 18.745615 | N4: =_xlfn.XLOOKUP(B4, Batteries!A:A, Batteries!E:E)/1000*60/K4 -> 4.7720928 | O4: =_xlfn.XLOOKUP(A4, Motors!A:A, Motors!F:F)*4+_xlfn.XLOOKUP('Results (DO NOT EDIT)'!B4, Batteries!A:A, Batteries!D:D) -> 76
A5: =MOD(ROW()-2, Calculations!$B$8) + 1 -> 2 | B5: =INT((ROW()-2)/Calculations!$B$8) + 1 -> 2 | C5: =Calculations!$B$2+_xlfn.XLOOKUP(A5, Motors!A:A, Motors!D:D)*Calculations!$B$5+_xlfn.XLOOKUP(B5, Batteries!A:A, Batteries!C:C) -> 166 | D5: =C5*Calculations!$B$4/Calculations!$B$5 -> 124.5 | E5: =F5*4/C5 -> 2.7710843 | F5: =_xlfn.MAXIFS(Motors!$E$2:$E$75, Motors!$A$2:$A$75, A5) -> 115 | G5: {=INDEX(_xlfn._xlws.FILTER(Motors!$J$2:$J$75, Motors!$A$2:$A$75='Results (DO NOT EDIT)'!$A5), MATCH(TRUE, INDEX(ABS(_xlfn._xlws.FILTER(Motors!$G$2:$G$75, Motors!$A$2:$A$75='Results (DO NOT EDIT)'!$A5) - 'Results (DO NOT EDIT)'!$D5) = MIN(INDEX(ABS(_xlfn._xlws.FILTER(Motors!$G$2:$G$75, Motors!$A$2:$A$75='Results (DO NOT EDIT)'!$A5) - 'Results (DO NOT EDIT)'!$D5), 0)), 0), 0))} -> 3.6036036 | H5: {=INDEX( Motors!$I$2:$I$75, MATCH(1, (Motors!$A$2:$A$75='Results (DO NOT EDIT)'!A5)*(Motors!$J$2:$J$75='Results (DO NOT EDIT)'!G5), 0) )} -> 2.875 | I5: {=_xlfn.XLOOKUP(A5, Batteries!A:A, Batteries!E:E*Batteries!F:F)/1000} -> 52.25 | J5: {=_xlfn.XLOOKUP(B5, Batteries!A:A, Batteries!E:E*Batteries!G:G)/1000} -> 52.25 | K5: =C5/H5/Calculations!$B$6 + Calculations!$B$3 -> 6.2017235 | L5: =(C5*Calculations!$B$7/H5/Calculations!$B$6) -> 15.60517 | M5: =(C5*Calculations!$B$7/H5/Calculations!$B$6) + Calculations!$B$3 -> 16.60517 | N5: =_xlfn.XLOOKUP(B5, Batteries!A:A, Batteries!E:E)/1000*60/K5 -> 5.3211015 | O5: =_xlfn.XLOOKUP(A5, Motors!A:A, Motors!F:F)*4+_xlfn.XLOOKUP('Results (DO NOT EDIT)'!B5, Batteries!A:A, Batteries!D:D) -> 78
A6: =MOD(ROW()-2, Calculations!$B$8) + 1 -> 1 | B6: =INT((ROW()-2)/Calculations!$B$8) + 1 -> 3 | C6: =Calculations!$B$2+_xlfn.XLOOKUP(A6, Motors!A:A, Motors!D:D)*Calculations!$B$5+_xlfn.XLOOKUP(B6, Batteries!A:A, Batteries!C:C) -> 171.6 | D6: =C6*Calculations!$B$4/Calculations!$B$5 -> 128.7 | E6: =F6*4/C6 -> 3.6496503 | F6: =_xlfn.MAXIFS(Motors!$E$2:$E$75, Motors!$A$2:$A$75, A6) -> 156.57 | G6: {=INDEX(_xlfn._xlws.FILTER(Motors!$J$2:$J$75, Motors!$A$2:$A$75='Results (DO NOT EDIT)'!$A6), MATCH(TRUE, INDEX(ABS(_xlfn._xlws.FILTER(Motors!$G$2:$G$75, Motors!$A$2:$A$75='Results (DO NOT EDIT)'!$A6) - 'Results (DO NOT EDIT)'!$D6) = MIN(INDEX(ABS(_xlfn._xlws.FILTER(Motors!$G$2:$G$75, Motors!$A$2:$A$75='Results (DO NOT EDIT)'!$A6) - 'Results (DO NOT EDIT)'!$D6), 0)), 0), 0))} -> 4.5288288 | H6: {=INDEX( Motors!$I$2:$I$75, MATCH(1, (Motors!$A$2:$A$75='Results (DO NOT EDIT)'!A6)*(Motors!$J$2:$J$75='Results (DO NOT EDIT)'!G6), 0) )} -> 2.5830515 | I6: {=_xlfn.XLOOKUP(A6, Batteries!A:A, Batteries!E:E*Batteries!F:F)/1000} -> 72 | J6: {=_xlfn.XLOOKUP(B6, Batteries!A:A, Batteries!E:E*Batteries!G:G)/1000} -> 39 | K6: =C6/H6/Calculations!$B$6 + Calculations!$B$3 -> 6.9849598 | L6: =(C6*Calculations!$B$7/H6/Calculations!$B$6) -> 17.954879 | M6: =(C6*Calculations!$B$7/H6/Calculations!$B$6) + Calculations!$B$3 -> 18.954879 | N6: =_xlfn.XLOOKUP(B6, Batteries!A:A, Batteries!E:E)/1000*60/K6 -> 5.5834251 | O6: =_xlfn.XLOOKUP(A6, Motors!A:A, Motors!F:F)*4+_xlfn.XLOOKUP('Results (DO NOT EDIT)'!B6, Batteries!A:A, Batteries!D:D) -> 76
A7: =MOD(ROW()-2, Calculations!$B$8) + 1 -> 2 | B7: =INT((ROW()-2)/Calculations!$B$8) + 1 -> 3 | C7: =Calculations!$B$2+_xlfn.XLOOKUP(A7, Motors!A:A, Motors!D:D)*Calculations!$B$5+_xlfn.XLOOKUP(B7, Batteries!A:A, Batteries!C:C) -> 168 | D7: =C7*Calculations!$B$4/Calculations!$B$5 -> 126 | E7: =F7*4/C7 -> 2.7380952 | F7: =_xlfn.MAXIFS(Motors!$E$2:$E$75, Motors!$A$2:$A$75, A7) -> 115 | G7: {=INDEX(_xlfn._xlws.FILTER(Motors!$J$2:$J$75, Motors!$A$2:$A$75='Results (DO NOT EDIT)'!$A7), MATCH(TRUE, INDEX(ABS(_xlfn._xlws.FILTER(Motors!$G$2:$G$75, Motors!$A$2:$A$75='Results (DO NOT EDIT)'!$A7) - 'Results (DO NOT EDIT)'!$D7) = MIN(INDEX(ABS(_xlfn._xlws.FILTER(Motors!$G$2:$G$75, Motors!$A$2:$A$75='Results (DO NOT EDIT)'!$A7) - 'Results (DO NOT EDIT)'!$D7), 0)), 0), 0))} -> 3.6036036 | H7: {=INDEX( Motors!$I$2:$I$75, MATCH(1, (Motors!$A$2:$A$75='Results (DO NOT EDIT)'!A7)*(Motors!$J$2:$J$75='Results (DO NOT EDIT)'!G7), 0) )} -> 2.875 | I7: {=_xlfn.XLOOKUP(A7, Batteries!A:A, Batteries!E:E*Batteries!F:F)/1000} -> 52.25 | J7: {=_xlfn.XLOOKUP(B7, Batteries!A:A, Batteries!E:E*Batteries!G:G)/1000} -> 39 | K7: =C7/H7/Calculations!$B$6 + Calculations!$B$3 -> 6.2643948 | L7: =(C7*Calculations!$B$7/H7/Calculations!$B$6) -> 15.793184 | M7: =(C7*Calculations!$B$7/H7/Calculations!$B$6) + Calculations!$B$3 -> 16.793184 | N7: =_xlfn.XLOOKUP(B7, Batteries!A:A, Batteries!E:E)/1000*60/K7 -> 6.2256612 | O7: =_xlfn.XLOOKUP(A7, Motors!A:A, Motors!F:F)*4+_xlfn.XLOOKUP('Results (DO NOT EDIT)'!B7, Batteries!A:A, Batteries!D:D) -> 78
A8: =MOD(ROW()-2, Calculations!$B$8) + 1 -> 1 | B8: =INT((ROW()-2)/Calculations!$B$8) + 1 -> 4 | C8: =Calculations!$B$2+_xlfn.XLOOKUP(A8, Motors!A:A, Motors!D:D)*Calculations!$B$5+_xlfn.XLOOKUP(B8, Batteries!A:A, Batteries!C:C) -> 186.6 | D8: =C8*Calculations!$B$4/Calculations!$B$5 -> 139.95 | E8: =F8*4/C8 -> 3.3562701 | F8: =_xlfn.MAXIFS(Motors!$E$2:$E$75, Motors!$A$2:$A$75, A8) -> 156.57 | G8: {=INDEX(_xlfn._xlws.FILTER(Motors!$J$2:$J$75, Motors!$A$2:$A$75='Results (DO NOT EDIT)'!$A8), MATCH(TRUE, INDEX(ABS(_xlfn._xlws.FILTER(Motors!$G$2:$G$75, Motors!$A$2:$A$75='Results (DO NOT EDIT)'!$A8) - 'Results (DO NOT EDIT)'!$D8) = MIN(INDEX(ABS(_xlfn._xlws.FILTER(Motors!$G$2:$G$75, Motors!$A$2:$A$75='Results (DO NOT EDIT)'!$A8) - 'Results (DO NOT EDIT)'!$D8), 0)), 0), 0))} -> 4.5288288 | H8: {=INDEX( Motors!$I$2:$I$75, MATCH(1, (Motors!$A$2:$A$75='Results (DO NOT EDIT)'!A8)*(Motors!$J$2:$J$75='Results (DO NOT EDIT)'!G8), 0) )} -> 2.5830515 | I8: {=_xlfn.XLOOKUP(A8, Batteries!A:A, Batteries!E:E*Batteries!F:F)/1000} -> 72 | J8: {=_xlfn.XLOOKUP(B8, Batteries!A:A, Batteries!E:E*Batteries!G:G)/1000} -> 90 | K8: =C8/H8/Calculations!$B$6 + Calculations!$B$3 -> 7.5081206 | L8: =(C8*Calculations!$B$7/H8/Calculations!$B$6) -> 19.524362 | M8: =(C8*Calculations!$B$7/H8/Calculations!$B$6) + Calculations!$B$3 -> 20.524362 | N8: =_xlfn.XLOOKUP(B8, Batteries!A:A, Batteries!E:E)/1000*60/K8 -> 5.9935105 | O8: =_xlfn.XLOOKUP(A8, Motors!A:A, Motors!F:F)*4+_xlfn.XLOOKUP('Results (DO NOT EDIT)'!B8, Batteries!A:A, Batteries!D:D) -> 78
A9: =MOD(ROW()-2, Calculations!$B$8) + 1 -> 2 | B9: =INT((ROW()-2)/Calculations!$B$8) + 1 -> 4 | C9: =Calculations!$B$2+_xlfn.XLOOKUP(A9, Motors!A:A, Motors!D:D)*Calculations!$B$5+_xlfn.XLOOKUP(B9, Batteries!A:A, Batteries!C:C) -> 183 | D9: =C9*Calculations!$B$4/Calculations!$B$5 -> 137.25 | E9: =F9*4/C9 -> 2.5136612 | F9: =_xlfn.MAXIFS(Motors!$E$2:$E$75, Motors!$A$2:$A$75, A9) -> 115 | G9: {=INDEX(_xlfn._xlws.FILTER(Motors!$J$2:$J$75, Motors!$A$2:$A$75='Results (DO NOT EDIT)'!$A9), MATCH(TRUE, INDEX(ABS(_xlfn._xlws.FILTER(Motors!$G$2:$G$75, Motors!$A$2:$A$75='Results (DO NOT EDIT)'!$A9) - 'Results (DO NOT EDIT)'!$D9) = MIN(INDEX(ABS(_xlfn._xlws.FILTER(Motors!$G$2:$G$75, Motors!$A$2:$A$75='Results (DO NOT EDIT)'!$A9) - 'Results (DO NOT EDIT)'!$D9), 0)), 0), 0))} -> 3.6036036 | H9: {=INDEX( Motors!$I$2:$I$75, MATCH(1, (Motors!$A$2:$A$75='Results (DO NOT EDIT)'!A9)*(Motors!$J$2:$J$75='Results (DO NOT EDIT)'!G9), 0) )} -> 2.875 | I9: {=_xlfn.XLOOKUP(A9, Batteries!A:A, Batteries!E:E*Batteries!F:F)/1000} -> 52.25 | J9: {=_xlfn.XLOOKUP(B9, Batteries!A:A, Batteries!E:E*Batteries!G:G)/1000} -> 90 | K9: =C9/H9/Calculations!$B$6 + Calculations!$B$3 -> 6.7344301 | L9: =(C9*Calculations!$B$7/H9/Calculations!$B$6) -> 17.20329 | M9: =(C9*Calculations!$B$7/H9/Calculations!$B$6) + Calculations!$B$3 -> 18.20329 | N9: =_xlfn.XLOOKUP(B9, Batteries!A:A, Batteries!E:E)/1000*60/K9 -> 6.6820799 | O9: =_xlfn.XLOOKUP(A9, Motors!A:A, Motors!F:F)*4+_xlfn.XLOOKUP('Results (DO NOT EDIT)'!B9, Batteries!A:A, Batteries!D:D) -> 80
A10: =MOD(ROW()-2, Calculations!$B$8) + 1 -> 1 | B10: =INT((ROW()-2)/Calculations!$B$8) + 1 -> 5 | C10: =Calculations!$B$2+_xlfn.XLOOKUP(A10, Motors!A:A, Motors!D:D)*Calculations!$B$5+_xlfn.XLOOKUP(B10, Batteries!A:A, Batteries!C:C) -> 190.6 | D10: =C10*Calculations!$B$4/Calculations!$B$5 -> 142.95 | E10: =F10*4/C10 -> 3.2858342 | F10: =_xlfn.MAXIFS(Motors!$E$2:$E$75, Motors!$A$2:$A$75, A10) -> 156.57 | G10: {=INDEX(_xlfn._xlws.FILTER(Motors!$J$2:$J$75, Motors!$A$2:$A$75='Results (DO NOT EDIT)'!$A10), MATCH(TRUE, INDEX(ABS(_xlfn._xlws.FILTER(Motors!$G$2:$G$75, Motors!$A$2:$A$75='Results (DO NOT EDIT)'!$A10) - 'Results (DO NOT EDIT)'!$D10) = MIN(INDEX(ABS(_xlfn._xlws.FILTER(Motors!$G$2:$G$75, Motors!$A$2:$A$75='Results (DO NOT EDIT)'!$A10) - 'Results (DO NOT EDIT)'!$D10), 0)), 0), 0))} -> 4.5288288 | H10: {=INDEX( Motors!$I$2:$I$75, MATCH(1, (Motors!$A$2:$A$75='Results (DO NOT EDIT)'!A10)*(Motors!$J$2:$J$75='Results (DO NOT EDIT)'!G10), 0) )} -> 2.5830515 | I10: {=_xlfn.XLOOKUP(A10, Batteries!A:A, Batteries!E:E*Batteries!F:F)/1000} -> 72 | J10: {=_xlfn.XLOOKUP(B10, Batteries!A:A, Batteries!E:E*Batteries!G:G)/1000} -> 55 | K10: =C10/H10/Calculations!$B$6 + Calculations!$B$3 -> 7.6476301 | L10: =(C10*Calculations!$B$7/H10/Calculations!$B$6) -> 19.94289 | M10: =(C10*Calculations!$B$7/H10/Calculations!$B$6) + Calculations!$B$3 -> 20.94289 | N10: =_xlfn.XLOOKUP(B10, Batteries!A:A, Batteries!E:E)/1000*60/K10 -> 8.6301245 | O10: =_xlfn.XLOOKUP(A10, Motors!A:A, Motors!F:F)*4+_xlfn.XLOOKUP('Results (DO NOT EDIT)'!B10, Batteries!A:A, Batteries!D:D) -> 80
A11: =MOD(ROW()-2, Calculations!$B$8) + 1 -> 2 | B11: =INT((ROW()-2)/Calculations!$B$8) + 1 -> 5 | C11: =Calculations!$B$2+_xlfn.XLOOKUP(A11, Motors!A:A, Motors!D:D)*Calculations!$B$5+_xlfn.XLOOKUP(B11, Batteries!A:A, Batteries!C:C) -> 187 | D11: =C11*Calculations!$B$4/Calculations!$B$5 -> 140.25 | E11: =F11*4/C11 -> 2.459893 | F11: =_xlfn.MAXIFS(Motors!$E$2:$E$75, Motors!$A$2:$A$75, A11) -> 115 | G11: {=INDEX(_xlfn._xlws.FILTER(Motors!$J$2:$J$75, Motors!$A$2:$A$75='Results (DO NOT EDIT)'!$A11), MATCH(TRUE, INDEX(ABS(_xlfn._xlws.FILTER(Motors!$G$2:$G$75, Motors!$A$2:$A$75='Results (DO NOT EDIT)'!$A11) - 'Results (DO NOT EDIT)'!$D11) = MIN(INDEX(ABS(_xlfn._xlws.FILTER(Motors!$G$2:$G$75, Motors!$A$2:$A$75='Results (DO NOT EDIT)'!$A11) - 'Results (DO NOT EDIT)'!$D11), 0)), 0), 0))} -> 3.6036036 | H11: {=INDEX( Motors!$I$2:$I$75, MATCH(1, (Motors!$A$2:$A$75='Results (DO NOT EDIT)'!A11)*(Motors!$J$2:$J$75='Results (DO NOT EDIT)'!G11), 0) )} -> 2.875 | I11: {=_xlfn.XLOOKUP(A11, Batteries!A:A, Batteries!E:E*Batteries!F:F)/1000} -> 52.25 | J11: {=_xlfn.XLOOKUP(B11, Batteries!A:A, Batteries!E:E*Batteries!G:G)/1000} -> 55 | K11: =C11/H11/Calculations!$B$6 + Calculations!$B$3 -> 6.8597728 | L11: =(C11*Calculations!$B$7/H11/Calculations!$B$6) -> 17.579318 | M11: =(C11*Calculations!$B$7/H11/Calculations!$B$6) + Calculations!$B$3 -> 18.579318 | N11: =_xlfn.XLOOKUP(B11, Batteries!A:A, Batteries!E:E)/1000*60/K11 -> 9.6213099 | O11: =_xlfn.XLOOKUP(A11, Motors!A:A, Motors!F:F)*4+_xlfn.XLOOKUP('Results (DO NOT EDIT)'!B11, Batteries!A:A, Batteries!D:D) -> 82
A12: =MOD(ROW()-2, Calculations!$B$8) + 1 -> 1 | B12: =INT((ROW()-2)/Calculations!$B$8) + 1 -> 6 | C12: =Calculations!$B$2+_xlfn.XLOOKUP(A12, Motors!A:A, Motors!D:D)*Calculations!$B$5+_xlfn.XLOOKUP(B12, Batteries!A:A, Batteries!C:C) -> 261.6 | D12: =C12*Calculations!$B$4/Calculations!$B$5 -> 196.2 | E12: =F12*4/C12 -> 2.3940367 | F12: =_xlfn.MAXIFS(Motors!$E$2:$E$75, Motors!$A$2:$A$75, A12) -> 156.57 | G12: {=INDEX(_xlfn._xlws.FILTER(Motors!$J$2:$J$75, Motors!$A$2:$A$75='Results (DO NOT EDIT)'!$A12), MATCH(TRUE, INDEX(ABS(_xlfn._xlws.FILTER(Motors!$G$2:$G$75, Motors!$A$2:$A$75='Results (DO NOT EDIT)'!$A12) - 'Results (DO NOT EDIT)'!$D12) = MIN(INDEX(ABS(_xlfn._xlws.FILTER(Motors!$G$2:$G$75, Motors!$A$2:$A$75='Results (DO NOT EDIT)'!$A12) - 'Results (DO NOT EDIT)'!$D12), 0)), 0), 0))} -> 6.1315315 | H12: {=INDEX( Motors!$I$2:$I$75, MATCH(1, (Motors!$A$2:$A$75='Results (DO NOT EDIT)'!A12)*(Motors!$J$2:$J$75='Results (DO NOT EDIT)'!G12), 0) )} -> 2.3004702 | I12: {=_xlfn.XLOOKUP(A12, Batteries!A:A, Batteries!E:E*Batteries!F:F)/1000} -> 72 | J12: {=_xlfn.XLOOKUP(B12, Batteries!A:A, Batteries!E:E*Batteries!G:G)/1000} -> 300 | K12: =C12/H12/Calculations!$B$6 + Calculations!$B$3 -> 11.244674 | L12: =(C12*Calculations!$B$7/H12/Calculations!$B$6) -> 30.734023 | M12: =(C12*Calculations!$B$7/H12/Calculations!$B$6) + Calculations!$B$3 -> 31.734023 | N12: =_xlfn.XLOOKUP(B12, Batteries!A:A, Batteries!E:E)/1000*60/K12 -> 16.007578 | O12: =_xlfn.XLOOKUP(A12, Motors!A:A, Motors!F:F)*4+_xlfn.XLOOKUP('Results (DO NOT EDIT)'!B12, Batteries!A:A, Batteries!D:D) -> 96
A13: =MOD(ROW()-2, Calculations!$B$8) + 1 -> 2 | B13: =INT((ROW()-2)/Calculations!$B$8) + 1 -> 6 | C13: =Calculations!$B$2+_xlfn.XLOOKUP(A13, Motors!A:A, Motors!D:D)*Calculations!$B$5+_xlfn.XLOOKUP(B13, Batteries!A:A, Batteries!C:C) -> 258 | D13: =C13*Calculations!$B$4/Calculations!$B$5 -> 193.5 | E13: =F13*4/C13 -> 1.7829457 | F13: =_xlfn.MAXIFS(Motors!$E$2:$E$75, Motors!$A$2:$A$75, A13) -> 115 | G13: {=INDEX(_xlfn._xlws.FILTER(Motors!$J$2:$J$75, Motors!$A$2:$A$75='Results (DO NOT EDIT)'!$A13), MATCH(TRUE, INDEX(ABS(_xlfn._xlws.FILTER(Motors!$G$2:$G$75, Motors!$A$2:$A$75='Results (DO NOT EDIT)'!$A13) - 'Results (DO NOT EDIT)'!$D13) = MIN(INDEX(ABS(_xlfn._xlws.FILTER(Motors!$G$2:$G$75, Motors!$A$2:$A$75='Results (DO NOT EDIT)'!$A13) - 'Results (DO NOT EDIT)'!$D13), 0)), 0), 0))} -> 3.6036036 | H13: {=INDEX( Motors!$I$2:$I$75, MATCH(1, (Motors!$A$2:$A$75='Results (DO NOT EDIT)'!A13)*(Motors!$J$2:$J$75='Results (DO NOT EDIT)'!G13), 0) )} -> 2.875 | I13: {=_xlfn.XLOOKUP(A13, Batteries!A:A, Batteries!E:E*Batteries!F:F)/1000} -> 52.25 | J13: {=_xlfn.XLOOKUP(B13, Batteries!A:A, Batteries!E:E*Batteries!G:G)/1000} -> 300 | K13: =C13/H13/Calculations!$B$6 + Calculations!$B$3 -> 9.0846063 | L13: =(C13*Calculations!$B$7/H13/Calculations!$B$6) -> 24.253819 | M13: =(C13*Calculations!$B$7/H13/Calculations!$B$6) + Calculations!$B$3 -> 25.253819 | N13: =_xlfn.XLOOKUP(B13, Batteries!A:A, Batteries!E:E)/1000*60/K13 -> 19.813737 | O13: =_xlfn.XLOOKUP(A13, Motors!A:A, Motors!F:F)*4+_xlfn.XLOOKUP('Results (DO NOT EDIT)'!B13, Batteries!A:A, Batteries!D:D) -> 98
... A115: =MOD(ROW()-2, Calculations!$B$8) + 1 -> 2 | B115: =INT((ROW()-2)/Calculations!$B$8) + 1 -> 57 | C115: =Calculations!$B$2+_xlfn.XLOOKUP(A115, Motors!A:A, Motors!D:D)*Calculations!$B$5+_xlfn.XLOOKUP(B115, Batteries!A:A, Batteries!C:C) -> #N/A | D115: =C115*Calculations!$B$4/Calculations!$B$5 -> #N/A | E115: =F115*4/C115 -> #N/A | F115: =_xlfn.MAXIFS(Motors!$E$2:$E$75, Motors!$A$2:$A$75, A115) -> 115 | G115: {=INDEX(_xlfn._xlws.FILTER(Motors!$J$2:$J$75, Motors!$A$2:$A$75='Results (DO NOT EDIT)'!$A115), MATCH(TRUE, INDEX(ABS(_xlfn._xlws.FILTER(Motors!$G$2:$G$75, Motors!$A$2:$A$75='Results (DO NOT EDIT)'!$A115) - 'Results (DO NOT EDIT)'!$D115) = MIN(INDEX(ABS(_xlfn._xlws.FILTER(Motors!$G$2:$G$75, Motors!$A$2:$A$75='Results (DO NOT EDIT)'!$A115) - 'Results (DO NOT EDIT)'!$D115), 0)), 0), 0))} -> #N/A | H115: {=INDEX( Motors!$I$2:$I$75, MATCH(1, (Motors!$A$2:$A$75='Results (DO NOT EDIT)'!A115)*(Motors!$J$2:$J$75='Results (DO NOT EDIT)'!G115), 0) )} -> #N/A | I115: {=_xlfn.XLOOKUP(A115, Batteries!A:A, Batteries!E:E*Batteries!F:F)/1000} -> 52.25 | J115: {=_xlfn.XLOOKUP(B115, Batteries!A:A, Batteries!E:E*Batteries!G:G)/1000} -> #N/A | K115: =C115/H115/Calculations!$B$6 + Calculations!$B$3 -> #N/A | L115: =(C115*Calculations!$B$7/H115/Calculations!$B$6) -> #N/A | M115: =(C115*Calculations!$B$7/H115/Calculations!$B$6) + Calculations!$B$3 -> #N/A | N115: =_xlfn.XLOOKUP(B115, Batteries!A:A, Batteries!E:E)/1000*60/K115 -> #N/A | O115: =_xlfn.XLOOKUP(A115, Motors!A:A, Motors!F:F)*4+_xlfn.XLOOKUP('Results (DO NOT EDIT)'!B115, Batteries!A:A, Batteries!D:D) -> #N/A

Sheet Motors
A1: Motor-Prop ID | B1: Motor | C1: Propellor | D1: Weight (g) | E1: Max Thrust (g) | F1: Price ($) | G1: Thrust (g) | H1: Power (W) | I1: Efficiency (g/W) | J1: Current (A)
A2: 1 | B2: T-MOTOR F1204 1204 5000KV | C2: GF2540 | D2: 6.9 | E2: 156.57 | F2: 14.5 | G2: 58.85 | H2: 17.2 | I2: =G2/H2 -> 3.4215116 | J2: =H2/Calculations!$B$6 -> 1.5495495
A3: 1 | B3: T-MOTOR F1204 1204 5000KV | C3: GF2540 | D3: 6.9 | E3: 156.57 | F3: 14.5 | G3: 87.49 | H3: 29.51 | I3: =G3/H3 -> 2.9647577 | J3: =H3/Calculations!$B$6 -> 2.6585586
A4: 1 | B4: T-MOTOR F1204 1204 5000KV | C4: GF2540 | D4: 6.9 | E4: 156.57 | F4: 14.5 | G4: 129.85 | H4: 50.27 | I4: =G4/H4 -> 2.5830515 | J4: =H4/Calculations!$B$6 -> 4.5288288
A5: 1 | B5: T-MOTOR F1204 1204 5000KV | C5: GF2540 | D5: 6.9 | E5: 156.57 | F5: 14.5 | G5: 156.57 | H5: 68.06 | I5: =G5/H5 -> 2.3004702 | J5: =H5/Calculations!$B$6 -> 6.1315315
A6: 2 | B6: RCinpower GTS 1204 5000KV V2 | C6: T2.5*3*3 | D6: 6 | E6: 115 | F6: 15 | G6: 8 | H6: 1.7 | I6: =G6/H6 -> 4.7058824 | J6: =H6/Calculations!$B$6 -> 0.15315315
A7: 2 | B7: RCinpower GTS 1204 5000KV V2 | C7: T2.5*3*3 | D7: 6 | E7: 115 | F7: 15 | G7: 37 | H7: 8.9 | I7: =G7/H7 -> 4.1573034 | J7: =H7/Calculations!$B$6 -> 0.8018018
A8: 2 | B8: RCinpower GTS 1204 5000KV V2 | C8: T2.5*3*3 | D8: 6 | E8: 115 | F8: 15 | G8: 80 | H8: 24.4 | I8: =G8/H8 -> 3.2786885 | J8: =H8/Calculations!$B$6 -> 2.1981982
A9: 2 | B9: RCinpower GTS 1204 5000KV V2 | C9: T2.5*3*3 | D9: 6 | E9: 115 | F9: 15 | G9: 115 | H9: 40 | I9: =G9/H9 -> 2.875 | J9: =H9/Calculations!$B$6 -> 3.6036036
I10: =G10/H10 -> #DIV/0! | J10: =H10/Calculations!$B$6 -> 0
I11: =G11/H11 -> #DIV/0! | J11: =H11/Calculations!$B$6 -> 0
I12: =G12/H12 -> #DIV/0! | J12: =H12/Calculations!$B$6 -> 0
I13: =G13/H13 -> #DIV/0! | J13: =H13/Calculations!$B$6 -> 0
I14: =G14/H14 -> #DIV/0! | J14: =H14/Calculations!$B$6 -> 0
I15: =G15/H15 -> #DIV/0! | J15: =H15/Calculations!$B$6 -> 0
I16: =G16/H16 -> #DIV/0! | J16: =H16/Calculations!$B$6 -> 0
I17: =G17/H17 -> #DIV/0! | J17: =H17/Calculations!$B$6 -> 0
I18: =G18/H18 -> #DIV/0! | J18: =H18/Calculations!$B$6 -> 0
I19: =G19/H19 -> #DIV/0! | J19: =H19/Calculations!$B$6 -> 0
I20: =G20/H20 -> #DIV/0! | J20: =H20/Calculations!$B$6 -> 0
I21: =G21/H21 -> #DIV/0! | J21: =H21/Calculations!$B$6 -> 0

Sheet Batteries
B1: Battery | C1: Weight (g) | D1: Price ($) | E1: C (mAh) | F1: Constant discharge (C) | G1: Peak discharge (C)
A2: 1 | B2: Onbo 900mAh 3s LiPo | C2: 70 | D2: 17 | E2: 900 | F2: 80 | G2: 80
A3: 2 | B3: Tattu R-Line 550mAh 95C | C3: 48 | D3: 18 | E3: 550 | F3: 95 | G3: 95
A4: 3 | B4: Alienmodel 650mAh 60C | C4: 50 | D4: 18 | E4: 650 | F4: 60 | G4: 60
A5: 4 | B5: Alienmodel 3S HV 11.4V 750mAh 120C | C5: 65 | D5: 20 | E5: 750 | F5: 120 | G5: 120
A6: 5 | B6: Alienmodel 3S 11.4HV 1100mAh 50C | C6: 69 | D6: 22 | E6: 1100 | F6: 50 | G6: 50
A7: 6 | B7: Li-ion 3s battery pack | C7: 140 | D7: 38 | E7: 3000 | F7: 100 | G7: 100
